Segment,total profit
Government,11388173.169999994
Small Business,4143168.5
Channel Partners,1316803.1400000004
Midmarket,660103.0750000001
Enterprise,-614545.625
