Product,total sales
Paseo,33011143.950000003
VTT,20511921.02
Velo,18250059.465
Amarilla,17747116.059999995
Montana,15390801.880000003
Carretera,13815307.885000002
